{
  "best_metric": 0.7444253859348199,
  "best_model_checkpoint": "roberta_ft/mentalmanip/checkpoint-110",
  "epoch": 1.0,
  "eval_steps": 500,
  "global_step": 110,
  "is_hyper_param_search": false,
  "is_local_process_zero": true,
  "is_world_process_zero": true,
  "log_history": [
    {
      "epoch": 1.0,
      "eval_accuracy": 0.7444253859348199,
      "eval_confusion_matrix": [
        [
          75,
          104
        ],
        [
          45,
          359
        ]
      ],
      "eval_f1": 0.7444253859348199,
      "eval_loss": 0.5697013735771179,
      "eval_macro_f1": 0.6649076313586619,
      "eval_micro_f1": 0.7444253859348199,
      "eval_precision": 0.775377969762419,
      "eval_recall": 0.8886138613861386,
      "eval_runtime": 9.5996,
      "eval_samples_per_second": 60.732,
      "eval_steps_per_second": 7.604,
      "step": 110
    }
  ],
  "logging_steps": 500,
  "max_steps": 330,
  "num_input_tokens_seen": 0,
  "num_train_epochs": 3,
  "save_steps": 500,
  "total_flos": 1629947954460672.0,
  "train_batch_size": 16,
  "trial_name": null,
  "trial_params": null
}
