{
  "best_metric": 0.3875530410183875,
  "best_model_checkpoint": "roberta_ft/mentalmanip/checkpoint-198",
  "epoch": 3.0,
  "eval_steps": 500,
  "global_step": 198,
  "is_hyper_param_search": false,
  "is_local_process_zero": true,
  "is_world_process_zero": true,
  "log_history": [
    {
      "epoch": 1.0,
      "eval_accuracy": 0.06017191977077364,
      "eval_confusion_matrix": [
        [
          [
            336,
            0
          ],
          [
            13,
            0
          ]
        ],
        [
          [
            331,
            0
          ],
          [
            18,
            0
          ]
        ],
        [
          [
            342,
            0
          ],
          [
            7,
            0
          ]
        ],
        [
          [
            311,
            0
          ],
          [
            38,
            0
          ]
        ],
        [
          [
            337,
            0
          ],
          [
            12,
            0
          ]
        ],
        [
          [
            342,
            0
          ],
          [
            7,
            0
          ]
        ],
        [
          [
            273,
            0
          ],
          [
            76,
            0
          ]
        ],
        [
          [
            285,
            0
          ],
          [
            64,
            0
          ]
        ],
        [
          [
            325,
            0
          ],
          [
            24,
            0
          ]
        ],
        [
          [
            266,
            0
          ],
          [
            83,
            0
          ]
        ],
        [
          [
            221,
            6
          ],
          [
            92,
            30
          ]
        ]
      ],
      "eval_f1": 0.12,
      "eval_f1_macro": 0.03452243958573073,
      "eval_f1_micro": 0.12,
      "eval_loss": 0.3121715784072876,
      "eval_precision": 0.8333333333333334,
      "eval_recall": 0.06465517241379311,
      "eval_roc_auc": 0.5314386973180077,
      "eval_runtime": 5.798,
      "eval_samples_per_second": 60.194,
      "eval_steps_per_second": 7.589,
      "step": 66
    },
    {
      "epoch": 2.0,
      "eval_accuracy": 0.0028653295128939827,
      "eval_confusion_matrix": [
        [
          [
            336,
            0
          ],
          [
            13,
            0
          ]
        ],
        [
          [
            331,
            0
          ],
          [
            18,
            0
          ]
        ],
        [
          [
            342,
            0
          ],
          [
            7,
            0
          ]
        ],
        [
          [
            311,
            0
          ],
          [
            38,
            0
          ]
        ],
        [
          [
            337,
            0
          ],
          [
            12,
            0
          ]
        ],
        [
          [
            342,
            0
          ],
          [
            7,
            0
          ]
        ],
        [
          [
            273,
            0
          ],
          [
            76,
            0
          ]
        ],
        [
          [
            285,
            0
          ],
          [
            64,
            0
          ]
        ],
        [
          [
            325,
            0
          ],
          [
            24,
            0
          ]
        ],
        [
          [
            266,
            0
          ],
          [
            83,
            0
          ]
        ],
        [
          [
            227,
            0
          ],
          [
            120,
            2
          ]
        ]
      ],
      "eval_f1": 0.008583690987124462,
      "eval_f1_macro": 0.002932551319648094,
      "eval_f1_micro": 0.008583690987124462,
      "eval_loss": 0.3011314272880554,
      "eval_precision": 1.0,
      "eval_recall": 0.004310344827586207,
      "eval_roc_auc": 0.5021551724137931,
      "eval_runtime": 5.9635,
      "eval_samples_per_second": 58.522,
      "eval_steps_per_second": 7.378,
      "step": 132
    },
    {
      "epoch": 3.0,
      "eval_accuracy": 0.24068767908309455,
      "eval_confusion_matrix": [
        [
          [
            336,
            0
          ],
          [
            13,
            0
          ]
        ],
        [
          [
            331,
            0
          ],
          [
            18,
            0
          ]
        ],
        [
          [
            342,
            0
          ],
          [
            7,
            0
          ]
        ],
        [
          [
            311,
            0
          ],
          [
            38,
            0
          ]
        ],
        [
          [
            337,
            0
          ],
          [
            12,
            0
          ]
        ],
        [
          [
            342,
            0
          ],
          [
            7,
            0
          ]
        ],
        [
          [
            233,
            40
          ],
          [
            39,
            37
          ]
        ],
        [
          [
            274,
            11
          ],
          [
            42,
            22
          ]
        ],
        [
          [
            325,
            0
          ],
          [
            24,
            0
          ]
        ],
        [
          [
            240,
            26
          ],
          [
            63,
            20
          ]
        ],
        [
          [
            198,
            29
          ],
          [
            64,
            58
          ]
        ]
      ],
      "eval_f1": 0.3875530410183875,
      "eval_f1_macro": 0.16385180190604143,
      "eval_f1_micro": 0.3875530410183875,
      "eval_loss": 0.285432904958725,
      "eval_precision": 0.5637860082304527,
      "eval_recall": 0.2952586206896552,
      "eval_roc_auc": 0.6319256066411238,
      "eval_runtime": 6.0231,
      "eval_samples_per_second": 57.944,
      "eval_steps_per_second": 7.305,
      "step": 198
    }
  ],
  "logging_steps": 500,
  "max_steps": 198,
  "num_input_tokens_seen": 0,
  "num_train_epochs": 3,
  "save_steps": 500,
  "total_flos": 2930081304748032.0,
  "train_batch_size": 16,
  "trial_name": null,
  "trial_params": null
}
